{
    "cumulative_return": -0.004822393661209179,
    "daily_volatility": 0.004069490296720971,
    "annualized_volatility": 0.06460115572748483,
    "sharpe_ratio": -2.0659054654716336,
    "max_drawdown": -0.007821516782369864
}